customer_id,first_name,last_name,phone,country,age
1,Elana,Bolding,559-942-3231,ID,5
2,Harriet,Elsmore,346-969-0881,NO,46
3,Desiree,Gudde,160-918-6929,CN,29
4,Dell,Geaves,636-548-2539,RS,82
5,Fulvia,Hynes,471-191-5009,ZW,92
6,Gretal,Apfler,806-857-4872,AR,47
7,Husain,Marquess,898-615-6585,DO,30
8,Leoline,Rosewarne,953-122-0706,PT,64
9,Ediva,Wiersma,868-354-1194,CN,30
10,Phillie,Patel,403-600-3458,JP,35
11,Lolly,Crosthwaite,687-593-0246,CA,15
12,Lemuel,Diament,407-419-4696,TN,92
13,Dorolisa,Escoffrey,760-346-5875,CN,86
14,Claudius,Dusting,615-572-6810,ID,16
15,Gray,Alvaro,508-558-6950,ID,98
16,Heindrick,Port,242-156-5209,PH,31
17,Dorri,Stone,449-524-1764,BR,98
18,Kitti,Shalloo,125-742-5822,HN,77
19,Kyle,Sarsfield,494-683-2402,CN,92
20,Patricia,Milburn,884-171-1823,CR,8
21,Jilly,Medlin,553-395-4537,CN,99
22,Claude,Delos,349-972-3472,PH,96
23,Tamar,Forseith,980-108-0750,ID,16
24,Fredrick,O'Dreain,876-564-6451,CN,97
25,Felisha,Rouch,321-349-5161,RS,79
26,Aldric,Gile,642-757-1265,CN,34
27,Jerry,Judkins,887-887-4280,CN,92
28,Dorian,Youhill,285-914-9706,ID,85
29,Blondelle,Danelet,219-215-0493,BR,70
30,Quintilla,Pettigrew,444-694-0952,CO,3
31,Hunter,Denning,304-301-2960,MR,45
32,Hildagard,Featherstonehaugh,939-683-3535,SE,30
33,Skye,Gealle,452-479-6167,VN,75
34,Sylvan,Feak,562-643-5045,FI,43
35,Seumas,Vasilyevski,744-359-4457,PT,34
36,Koressa,Mc Comb,534-846-9501,BR,84
37,Agnella,Kirtley,552-398-7468,CO,80
38,Alden,Welsh,603-149-1691,CA,45
39,Rafaelita,Gallamore,167-744-6785,CN,82
40,Debee,Impett,995-959-0333,RU,97
41,Shelby,Bandey,765-481-4279,SE,9
42,Christian,Winchurch,609-413-7408,US,17
43,Rutter,Padula,364-966-7342,CN,18
44,Francesca,Lasselle,156-518-6891,UA,84
45,Nelly,Daldry,762-748-7008,CN,97
46,Margalit,Beavis,111-656-9862,ID,7
47,Nester,Choudhury,269-313-5981,PH,97
48,Orran,Richarz,578-257-6057,CA,8
49,Emmalyn,Panting,706-729-2638,UA,81
50,Candace,Arr,424-760-4293,BR,89
51,Bari,Snufflebottom,274-128-3438,CN,68
52,Liva,Keepe,270-766-5466,CN,57
53,Cloris,Broomfield,202-104-9320,US,6
54,Gwennie,Morratt,566-445-0864,UZ,51
55,Dorelle,Hugin,360-805-1670,US,36
56,Izak,Tupman,231-696-5157,ID,89
57,Delila,MacGorman,451-380-8461,CN,82
58,Axe,Kleinhausen,964-182-8663,GR,27
59,Hymie,Cops,845-854-0243,FR,76
60,Blake,Rathjen,389-634-2396,PE,92
61,Wilfrid,Wetton,400-469-6689,NI,45
62,Alameda,Futcher,315-721-6630,RU,54
63,Alfonso,Epp,865-540-8137,CN,51
64,Ira,Newsome,925-389-8897,PH,75
65,Billi,Rothery,924-464-0207,DK,19
66,Rodger,Linkleter,621-141-5859,ID,54
67,Alameda,Bruford,818-543-7854,CN,23
68,Denni,Moorton,879-847-1552,PH,59
69,Mona,Giacubo,852-907-6447,FI,32
70,Maddy,Skelhorn,452-969-8393,PE,97
71,Marthena,Hehnke,682-257-9196,FR,65
72,Sadella,Camus,490-636-4506,UA,67
73,Erinn,Spykins,300-468-1933,UG,31
74,Jory,Belchem,495-608-1894,ID,78
75,Shae,Koba,516-195-5697,CN,25
76,Shelia,Laible,365-515-6619,BR,75
77,Roselle,Corby,533-448-1610,PL,1
78,Eleonore,Gath,740-226-1934,CN,68
79,Bevin,Simms,978-358-4254,TD,72
80,Arie,Boydell,988-888-0499,JP,48
81,Prue,Kettlestringes,342-668-8099,SE,72
82,Vance,Truman,665-262-6757,NG,26
83,Dyane,Hawtrey,524-666-2021,PT,85
84,Nancey,Chaddock,544-294-1569,ID,45
85,Shelli,Wigelsworth,329-984-1411,SE,94
86,Reagan,Larder,517-554-4341,CN,13
87,Cleve,Cann,901-101-2588,NI,84
88,Jackie,Duddan,851-418-6722,ZA,16
89,Tim,Naldrett,397-995-4741,CN,31
90,Laurette,Packe,309-158-1504,CA,18
91,Kristan,Nisbith,444-304-2568,PL,81
92,Haily,Dickson,668-913-3729,PH,95
93,Rivi,Landor,793-333-9993,VE,19
94,Trenna,Espadate,111-371-3638,PT,89
95,Shadow,Jellett,426-320-1238,CN,53
96,Jackie,Guiducci,557-410-8595,RU,85
97,Rowney,Dowers,899-248-0360,ID,93
98,Sammie,Chaundy,980-179-8945,CN,62
99,Gilemette,Wicklen,223-223-4309,JP,45
100,Blancha,Batecok,256-856-1170,NE,24
101,Talbot,Casham,937-170-5782,PH,21
102,Ly,Bailiss,648-245-7890,KE,16
103,Agnes,Levee,524-370-1945,CN,56
104,Alleyn,Mattis,172-527-4162,TH,12
105,Gussy,Doe,737-172-9832,VC,89
106,Judas,Coleshill,511-952-9986,CN,5
107,Meg,Overstone,962-409-4670,ID,22
108,Amalee,Gaber,765-424-0046,AR,38
109,Torrance,Hembery,685-148-1652,PL,56
110,Nana,Rolfo,737-883-1677,RU,65
111,Blanca,Looks,726-228-3102,SE,31
112,Gib,Retter,199-291-9611,ID,66
113,Milena,Philipsen,402-789-7092,CA,15
114,Read,Brumwell,653-561-3570,MN,37
115,Dasie,Zuppa,257-279-6937,BI,34
116,Alena,Sleeford,326-662-0733,FR,65
117,Phillida,Costy,458-880-1105,LK,12
118,Maje,Furber,880-262-3546,SY,78
119,Zia,Scranny,663-890-0901,PT,74
120,Miranda,Spurret,452-282-3600,MN,80
121,Shandra,Redemile,999-294-7748,PT,20
122,Dyanna,Mallebone,835-994-2110,ID,37
123,Marion,Cudbird,431-811-3974,ID,68
124,Meir,Hanny,818-814-2860,PL,51
125,Rachele,Mossdale,670-706-9568,CU,51
126,Fawn,Gonin,592-247-1467,NP,32
127,Whittaker,Lyles,226-179-4145,JO,84
128,Saloma,MacGorley,910-701-6278,CN,44
129,Jeniece,Bilham,921-458-0787,ID,72
130,Carena,Arnoll,992-285-2873,UG,85
131,Hoebart,Dosedale,582-850-1684,NG,97
132,Pinchas,Dangl,753-981-0681,GE,9
133,Nanon,Castells,822-274-0060,LY,37
134,Christie,Fackney,637-347-9761,CN,70
135,Konstantine,Cosgry,376-998-2386,BG,81
136,Stanislaus,Lambdean,742-581-3874,PT,81
137,Regina,Forker,125-807-4419,JP,80
138,Homerus,Gritskov,648-984-3103,ID,38
139,Sara,Dawtrey,362-709-6583,ID,41
140,Fair,Balas,331-478-9548,PH,71
141,Wendy,Chessel,836-666-8630,ID,55
142,Joy,Wormleighton,130-324-8236,BS,73
143,Con,Guy,643-496-0089,CN,76
144,Alastair,Forster,374-382-5063,UZ,2
145,Mauricio,Gulleford,712-156-0561,RU,51
146,Buddie,Wiburn,974-681-4296,LA,24
147,Beret,Bosenworth,736-574-8428,RU,93
148,Trey,Tunnoch,687-897-0966,GT,64
149,Chucho,Bartoli,698-204-2734,RU,90
150,Magdaia,Rame,728-473-6461,CN,31
151,Justino,Frigout,468-402-4691,PT,78
152,Verney,Amys,615-907-3634,CN,31
153,Tamra,Orrah,447-447-0808,PT,96
154,Peadar,Janaszkiewicz,711-639-7549,RS,30
155,Giorgi,Scapelhorn,243-496-0517,CN,100
156,Kingston,Peachman,799-224-7246,CN,47
157,Kaia,Tippett,122-353-6750,CN,83
158,Lynnelle,Camelli,588-281-9421,CZ,40
159,Adelind,Murtimer,851-641-4756,RS,51
160,Bobbye,Whimpenny,422-329-0853,IR,70
161,Gabrila,Few,608-820-3401,CN,27
162,Doro,Crolly,213-352-9475,CN,85
163,Marcel,Roobottom,237-361-4275,ID,49
164,Seward,Robiot,672-882-1029,ID,77
165,Robinet,Balint,172-808-8880,ID,29
166,Florette,Chainey,198-756-3886,NO,41
167,Modestia,Vine,670-182-1486,PH,78
168,Demetria,Culy,420-882-0152,ID,48
169,Meara,Manz,716-371-1689,CN,84
170,Berty,Linthead,516-275-9506,ID,7
171,Zara,Chase,329-851-2014,ID,66
172,Charline,Spurgin,892-125-0794,CN,92
173,Julio,Ryrie,325-479-2397,CU,44
174,Wallis,Sweetman,844-138-7891,ID,89
175,Tamma,Hindrick,887-185-7960,CN,13
176,Cordula,McDonogh,969-842-3292,PL,71
177,Pyotr,Nutley,834-777-1010,ID,97
178,Norby,Bentham,863-738-6000,CN,56
179,Tades,Hearnden,569-870-3811,PT,34
180,Merrielle,Stanbury,963-932-3713,CN,94
181,Amaleta,Frederick,844-887-8372,SE,79
182,Eran,Comello,452-520-4513,RS,52
183,Trenna,Perillio,225-532-0272,PL,75
184,Lawton,Shillitoe,905-815-3810,SE,5
185,Vincenty,Draycott,493-249-7141,CA,93
186,Marji,Forten,565-228-2051,NI,35
187,Eba,Ishchenko,677-923-7611,ID,81
188,Sharl,Lincoln,189-364-2918,CN,19
189,Ezra,Manvell,876-309-5274,CN,59
190,Craggy,Jerg,657-600-6422,CN,96
191,Andeee,Gatch,421-247-0364,RU,49
192,Bernie,Denys,850-610-2639,BR,71
193,Oberon,Bedder,542-777-3669,FR,41
194,Brittaney,Primrose,871-789-4687,ID,58
195,Fonsie,Reeme,960-689-7329,FR,85
196,Dannel,Friedank,413-508-5987,HN,6
197,Skipp,Buntine,679-977-7930,MX,45
198,Mariska,Lifsey,705-787-9848,CA,23
199,Brooke,Mayger,948-904-7528,CN,17
200,Antonina,Walne,240-900-5642,PH,86
201,Natasha,Frift,625-690-2922,CN,7
202,Caterina,Rodrigo,297-939-2900,PH,89
203,Frannie,Winborn,883-989-1709,ID,64
204,Archer,Keough,799-380-5085,ID,96
205,Maryanna,Ibbetson,591-617-1169,NP,12
206,Cornela,Janosevic,782-457-6253,SE,46
207,Dorry,Aitken,626-377-1917,RU,58
208,Carny,Panton,968-316-3990,CN,63
209,Mohandis,Dewey,335-730-5233,GR,73
210,Ced,Van Der Straaten,612-894-8179,AR,95
211,Honor,Rumke,461-467-3539,BR,37
212,Quillan,Northway,913-354-3996,PS,66
213,Delia,McConway,792-624-0710,MX,81
214,Dody,Striker,143-625-3765,IR,28
215,Normand,Took,937-957-4158,CN,62
216,Letta,Gerson,892-821-8053,RU,52
217,Willyt,Ferandez,483-370-9047,CN,50
218,Wilmer,Gopsell,124-430-7561,CZ,60
219,Jonis,Guisby,661-643-6957,JP,7
220,Ava,Salomon,674-280-5868,BR,38
221,Francesca,Jacquest,932-941-6091,UG,21
222,Nigel,Rowat,490-261-1636,JP,21
223,Maddy,Worsham,711-219-8717,PH,73
224,Deck,Libreros,426-573-4597,CN,15
225,Celinda,Reaman,193-194-4138,RU,7
226,Earle,Burriss,400-469-4649,MM,57
227,Granny,Wittrington,980-670-2510,PH,45
228,Thorndike,Wonfor,103-917-7195,ID,69
229,Kristen,Louedey,954-471-1881,CO,29
230,Claretta,Juares,246-765-7566,GA,44
231,Darn,Cowland,717-442-6131,PT,2
232,Fulvia,Matisoff,985-696-1927,CZ,67
233,Milty,Wolfart,816-733-0152,TH,83
234,Lisle,Lerven,925-236-5500,CN,18
235,Constantine,Gollard,644-755-6707,KW,99
236,Drake,Gosker,346-147-3268,IR,53
237,Ronnica,O'Feeney,805-987-1403,PH,95
238,Pet,Edgson,668-182-6875,MA,41
239,Tommy,Vardie,271-363-4425,ID,31
240,Nicolis,Cammacke,546-452-7753,CN,74
241,Napoleon,Yelding,355-834-1295,JP,99
242,Stearn,Salters,294-509-0714,PT,9
243,Hamlen,Longland,901-282-2621,CR,20
244,Saleem,Dionisetto,246-673-1409,PH,65
245,Elihu,Eilert,553-520-8415,KR,32
246,Hershel,Mechan,844-140-0343,FR,90
247,Justine,Jemmett,692-839-1321,CN,55
248,Joellen,Dufton,755-897-8168,CN,46
249,Jorrie,Cluff,251-432-5094,CN,39
250,Jonah,Carous,884-771-5328,CN,16
251,Neville,McGeever,742-687-7402,UA,85
252,Corry,Jzak,110-571-6089,RU,23
253,Jasun,Woodburne,151-461-4756,AR,67
254,Chico,Atwater,169-963-1689,IR,63
255,Ranique,Swepson,242-895-6600,ZM,94
256,Birk,Dederick,252-795-4342,CZ,80
257,Lion,Behnke,430-451-2851,CZ,70
258,Annabella,Wrist,595-536-7692,BO,100
259,Ashley,Rheubottom,222-402-5961,SI,36
260,Maren,Tassell,868-529-4484,EC,28
261,Maiga,Addenbrooke,508-170-4497,TW,74
262,Babbie,McCobb,571-645-4791,NI,43
263,Arnaldo,Edmed,618-288-9468,AR,71
264,Sheila,Mylechreest,253-442-5229,JM,67
265,Mary,Haddock,821-750-7936,PT,43
266,Othilia,Glover,766-828-0637,CN,43
267,Vera,McKernan,302-967-4650,ID,85
268,Riccardo,Cruwys,436-542-6886,CM,71
269,Florina,Taffee,359-166-5909,ID,7
270,Mari,Mayes,650-584-3366,GT,99
271,Daryl,Berridge,922-769-9763,CR,12
272,Samantha,Verma,137-170-9237,PT,44
273,Reta,Leglise,950-956-6838,SE,22
274,Petey,Alster,151-199-5598,ID,17
275,Dom,Hebborn,803-575-0936,ID,74
276,Faulkner,Shalloo,817-319-7056,RU,78
277,Cesare,Leitch,759-867-1771,MY,8
278,Barbaraanne,MacMorland,856-807-8385,ZA,32
279,Kristoforo,McCluney,482-262-2474,PT,57
280,Nanine,Cholomin,654-617-3222,GM,23
281,Paco,Pinkie,334-650-6247,AF,94
282,Leone,Laytham,609-802-4686,CN,25
283,Nicola,Bremmell,317-963-1528,PE,36
284,Haley,Sweatman,918-217-4258,RU,89
285,Zelig,Muscott,855-864-1027,NP,59
286,Oneida,Lavarack,702-469-5102,GT,16
287,Gavra,Humber,195-438-4412,RU,11
288,Ardyce,Strowger,689-189-2038,JP,37
289,Adelaide,Amorine,524-752-2915,MX,32
290,Gal,Tolle,799-884-4094,CN,95
291,Lorene,Dimanche,533-255-0276,MN,71
292,Hatty,Goakes,757-528-4859,BY,55
293,Gloriane,Boecke,894-425-8655,PE,99
294,Reggi,Gravenor,391-281-3423,PE,92
295,Kalina,Huggon,332-620-3324,SL,33
296,Prudence,Davidovicz,663-221-1209,CN,56
297,Kiersten,Allsobrook,724-966-3787,ID,85
298,Charo,Golsthorp,630-924-8391,US,7
299,Sibeal,Cornil,999-365-0970,CN,53
300,Kirsten,Footer,734-394-2291,CU,84
301,Biron,Salvadore,462-141-8663,DE,75
302,Arie,Didsbury,348-741-1871,RU,72
303,Hillie,Tate,983-706-6435,PL,13
304,Humberto,Pedder,865-441-1286,CZ,80
305,Myron,Clineck,199-219-6484,CN,93
306,Thelma,Johansson,614-208-3668,KE,75
307,Gabbie,Hackett,945-287-8387,IR,20
308,Koralle,Dowman,997-874-6448,MN,33
309,Pinchas,Vanelli,547-474-4316,ID,45
310,Darin,Kimmerling,395-622-2757,ID,99
311,Allard,Brahmer,684-436-2579,ID,83
312,Maddy,Dedden,729-151-0986,CN,22
313,Bryana,McGuinley,150-831-8626,UA,84
314,Dore,Merrett,459-446-2980,CA,1
315,Daisy,Edgson,619-222-7916,CN,93
316,Gerianne,Peare,750-477-0341,JM,33
317,Arturo,Cocksedge,860-891-5567,NO,23
318,Quinn,Frankes,881-210-1485,RU,99
319,Juline,Aloshikin,830-835-3535,AM,86
320,Bev,Ortell,704-315-2419,CN,68
321,Basilius,Ruffle,929-724-3334,FI,80
322,Leslie,Giorgielli,254-381-6965,CN,47
323,Libbie,Toffetto,666-984-0827,CY,50
324,Lorraine,Mendenhall,612-518-6198,NG,25
325,Giorgia,Feast,960-570-2810,ID,7
326,Kinny,Nan Carrow,775-314-3518,CN,66
327,Karen,Kepp,484-188-0398,CZ,3
328,Agnella,Benoi,908-269-2745,CN,34
329,Pier,Frounks,152-734-7702,VN,87
330,Kevin,Agget,588-873-6813,GH,55
331,Basil,Guinness,350-987-1243,CN,83
332,Basia,Clarson,363-537-0414,VE,56
333,Malvina,Costanza,105-638-6457,RU,21
334,Kasey,Nisbet,439-958-4525,AZ,71
335,Hanny,Alsford,476-955-8194,SE,79
336,Violante,Broz,902-805-8069,SY,2
337,Maybelle,Witherop,750-677-6350,PH,7
338,Christalle,Winter,223-499-8365,CN,48
339,Shayne,Lymbourne,170-408-4943,KE,7
340,Alexandros,MacGragh,439-731-9579,KW,93
341,Marieann,Peace,431-382-4005,PS,88
342,Karrah,Doucette,751-996-7673,IE,50
343,Sutherland,Anmore,616-478-7968,ID,20
344,Hamlen,Bayfield,501-910-8037,ID,24
345,Janeva,Halburton,226-323-9427,CN,83
346,Karalee,Oyley,356-851-6224,CN,91
347,Cherilyn,Jonsson,492-376-8959,CN,12
348,Mitchel,Whisker,800-664-9885,CN,12
349,Pearce,Matten,572-250-6679,CN,8
350,Lilian,Jagger,806-195-5612,BR,86
351,Valentino,Millthorpe,593-582-6299,NG,93
352,Marylynne,Marler,243-606-7955,IE,70
353,Cloris,Bertie,407-640-2487,UA,70
354,Marline,Cerman,849-602-4209,MX,33
355,Curcio,Gladyer,303-798-3469,VN,1
356,Clemmy,Tett,303-106-1250,ID,28
357,Riccardo,Ivermee,423-784-7699,US,10
358,Aura,Paxton,480-740-7658,CN,10
359,Chrystel,Troyes,191-544-0890,BR,84
360,Elsy,Wardhaugh,384-504-3942,CL,23
361,Aggi,Munn,927-416-3077,PT,46
362,Lou,Kalkofen,436-575-7855,ID,95
363,Dori,Dandison,261-620-8954,BR,85
364,Abbe,Covely,450-745-7329,CN,74
365,Margareta,De Mitris,896-465-9270,PH,52
366,Kelley,Morgon,907-898-2562,RU,30
367,Ami,Tucknott,463-456-4647,JM,95
368,Melinde,Le Moucheux,408-249-7536,CN,13
369,Maddy,Shrawley,141-109-8527,ID,46
370,Monah,Swaby,503-463-3356,UA,48
371,Farlie,Heiss,598-224-4681,GQ,19
372,Colman,Levington,881-533-7862,PH,5
373,Sherill,Gamil,930-163-0140,CN,93
374,Morlee,Rodgerson,847-371-1635,PE,45
375,Loralyn,Shepherdson,421-172-5291,FR,4
376,Erl,Menis,502-187-8012,CN,26
377,Jerrie,Sterling,699-740-4407,CN,43
378,Mandi,Nelson,168-437-5410,RU,64
379,Auguste,Drayson,319-460-9201,BS,94
380,Heda,Poynzer,192-672-6827,CN,2
381,Andriana,MacCumiskey,775-891-1016,CN,89
382,Christophorus,O'Cleary,212-674-4244,RU,38
383,Tabor,Hoyt,977-981-7591,BR,50
384,Kendall,McHugh,191-583-2006,UA,19
385,Modesty,Shemmin,581-844-3285,CN,62
386,Edouard,Ferreiro,638-921-2007,IE,48
387,Winston,Meriguet,806-668-5939,PH,40
388,Rusty,Gellibrand,938-865-3723,ID,30
389,Carley,McIlvenny,445-403-5152,JP,77
390,Aurel,Spancock,945-867-5474,GR,92
391,Gus,Jachimiak,652-557-9745,CN,87
392,Rodolfo,McAllester,776-765-8274,PT,84
393,Bernete,Lawden,378-635-5777,CA,52
394,Timothea,Madelin,212-178-3775,SY,2
395,Werner,Degan,120-257-0657,CN,70
396,Desirae,Chettle,693-923-9988,PL,54
397,Kaila,Solano,449-378-2390,JP,18
398,Urban,Pengelly,737-955-1256,CN,19
399,Sheryl,Fayre,579-287-7437,TZ,68
400,Johnette,Conechie,742-378-0528,CN,55
401,Jyoti,Scoble,682-391-9443,PL,44
402,Sigismund,Coxen,682-689-9695,CN,86
403,Cissiee,Whawell,953-546-2242,ID,29
404,Tomlin,Olman,935-487-7834,AR,87
405,Elaine,Baudy,720-341-1142,UY,32
406,Caroljean,Banck,348-337-0549,ID,6
407,Carrol,Reihill,775-510-6289,PL,57
408,Beale,Sporner,878-269-1008,CN,93
409,Jorrie,Cordell,114-500-7324,RU,22
410,Tammie,Thorlby,130-851-1367,SE,7
411,Lanna,Pridden,537-559-0223,GR,71
412,Charlena,Hanaby,858-197-6070,CZ,44
413,Gideon,Ricart,368-357-3265,FR,64
414,Hillary,Tchir,739-832-0229,FR,74
415,Alvera,Seton,194-667-9024,ID,82
416,Rodney,Attiwill,171-377-8020,AR,53
417,Aleece,Buggy,953-111-3293,RU,38
418,Kathie,Dawber,855-737-0075,UA,32
419,Rudie,Wilshin,448-144-2418,ID,41
420,Don,Szymoni,909-886-0733,CN,54
421,Hestia,Kilminster,157-850-4460,BA,14
422,Antoni,Dollman,900-346-1266,BR,52
423,Renelle,Anten,658-854-4756,ZA,19
424,Kelli,Clemendet,559-490-9188,ID,79
425,Batsheva,Loughnan,195-448-3677,PH,40
426,Tyrus,Warre,327-536-7363,JP,94
427,Barbara-anne,Guy,981-372-9581,ID,7
428,Dan,Woodage,444-748-7913,HR,58
429,Velma,Lune,387-426-0707,BR,49
430,Pierson,Lawlings,895-261-3298,PT,15
431,Terza,Twomey,528-463-0309,CN,69
432,Cati,Garroch,214-271-2959,ID,89
433,Nananne,Blazewicz,393-492-1396,MX,15
434,Perceval,Yatman,704-146-9219,CN,51
435,Nowell,Raphael,229-190-2718,CN,70
436,Seth,Roseveare,719-813-7896,PY,35
437,Willi,Houlworth,225-979-4430,UG,31
438,Willey,Driutti,375-855-7843,SE,27
439,Had,Sandys,159-701-8623,BR,65
440,Mill,Janic,835-759-1801,PH,72
441,Casey,Sissons,138-427-9939,LU,50
442,Jehu,Devlin,966-146-5058,CN,91
443,Cyril,Wilshere,478-492-1778,TT,64
444,Erastus,Videler,363-347-3826,CN,22
445,Addy,Evelyn,361-129-8303,NL,10
446,Tabitha,Jeger,819-449-4447,PH,4
447,Donaugh,Leffek,342-506-0013,BR,49
448,Paulette,McIver,298-434-6066,PH,34
449,Ethelbert,Hutchings,404-718-4420,MX,34
450,Estelle,Faithfull,400-895-4391,ID,44
451,Claybourne,Issacoff,272-786-6098,RU,39
452,Worden,Darrel,713-808-5048,PL,54
453,Kerwin,Sobey,802-244-2716,BR,12
454,Gerti,Nossent,475-843-4532,ID,95
455,Skippy,Felce,676-746-8274,CN,26
456,Vin,Murrey,425-125-4212,CN,12
457,Frankie,Cowin,224-268-9308,CN,48
458,Dale,Butter,560-432-4068,CN,13
459,Gustavo,Soppit,827-953-6027,AR,66
460,Annecorinne,Phython,113-396-2313,KN,8
461,Millie,Stanney,938-707-7453,ZA,98
462,Hobie,McLagan,976-844-1639,FI,15
463,Valerie,Swinfen,397-897-8365,TH,1
464,Horton,Crady,831-968-4080,UA,22
465,Ashla,Eles,442-472-5287,NP,100
466,Costa,Tart,129-532-7695,MX,86
467,Kip,Methingam,365-494-0776,FR,28
468,Marv,Batman,524-216-8777,RU,78
469,Bonita,Wakelin,677-225-8864,GR,46
470,Yetty,Devas,422-727-5492,ID,98
471,Danell,Maltman,276-659-4008,CA,86
472,Gaultiero,Banbury,701-332-1488,CN,56
473,Milton,Pyne,119-168-6223,VE,14
474,Risa,Neagle,106-744-3768,CZ,38
475,Wilton,Borzoni,932-638-3022,VN,34
476,Audre,Kynder,276-806-6241,SE,79
477,Bellanca,Matcham,315-392-9167,SE,94
478,Fleming,Emes,211-223-3717,RU,34
479,Robers,Cameron,280-100-7573,RU,7
480,Mervin,Willcot,146-808-5641,RU,6
481,Claudie,Ramsbotham,345-902-6486,GR,98
482,Kit,Silvers,838-457-9330,CN,15
483,Riane,McKeachie,869-165-0630,RU,38
484,Nichols,Rowley,402-523-7836,CN,100
485,Zaccaria,Janata,459-792-0072,DO,74
486,Kerry,Wogdon,964-366-6141,CN,9
487,Nonah,Waplinton,365-766-0963,PL,89
488,Sonya,Giorgi,496-803-3145,CO,65
489,Rikki,Springell,948-611-9490,PH,71
490,Diannne,Lamperd,913-695-2422,US,19
491,Madelaine,Douberday,768-688-6155,SE,87
492,Doyle,Liveley,874-507-8832,PT,54
493,Tilda,De Bruijn,697-238-4871,QA,7
494,Itch,Gorke,548-695-8796,SE,34
495,Mordecai,Bembrick,605-158-6530,CN,63
496,Diarmid,Fursland,108-428-8516,KM,8
497,Bobby,Penney,379-486-9123,CU,63
498,Caroljean,Curless,695-360-4750,CN,80
499,Galven,Buttriss,672-615-2534,ID,18
500,Juliann,Davidovici,584-160-6007,PT,100
501,Shermie,Smiths,106-285-4832,PH,15
502,Maryellen,Vipan,785-300-9357,US,73
503,Goran,Cowgill,497-597-0595,CN,2
504,Ivor,Klicher,796-347-1454,KN,73
505,Lynnet,Bowdidge,940-312-5167,CZ,9
506,Othello,Wolledge,134-735-8940,CR,14
507,Rani,Harvison,297-937-3009,PL,11
508,Felipa,Ipplett,160-154-8994,BA,60
509,Fara,Kabsch,194-629-4573,PL,32
510,Cecile,Hadaway,901-789-8597,CN,61
511,Mareah,McFadzean,332-502-4915,CN,70
512,Barney,Jotcham,475-920-4987,IE,7
513,Shaun,Priddie,240-682-0232,JP,96
514,Jessamine,Forestall,365-497-7809,MR,64
515,Bendicty,Grishkov,885-644-7334,AR,80
516,Yvon,Postles,941-945-3800,PH,39
517,Tally,Linde,146-646-1797,SS,92
518,Ari,Templar,115-674-0606,AR,51
519,Mortimer,Redemile,566-905-2251,ID,94
520,Lenna,Shafto,308-553-5349,HT,60
521,Harman,Chartres,163-120-0327,GR,100
522,Rheba,Beebe,132-970-4577,CN,30
523,Shana,Howell,671-779-0360,BR,62
524,Orv,Biesterfeld,516-162-3847,CO,33
525,Adan,Cleworth,916-617-0824,CN,16
526,Lenette,Dysert,608-658-7980,BR,16
527,Avram,Fibbings,873-214-1136,CN,86
528,Harrie,Bartak,104-240-5071,CN,62
529,Salomo,Westbrook,632-841-2286,CN,3
530,Lia,Habin,638-376-4781,ID,40
531,Garner,Shovel,262-289-4286,NG,68
532,Barbette,Qualtrough,920-745-6047,JP,50
533,Bailie,Catlin,490-554-6485,FI,48
534,Edd,Toupe,515-543-3709,ID,73
535,Adelice,Wass,801-865-0013,CN,1
536,Bamby,Todaro,733-144-7619,MD,43
537,Westleigh,Dafter,245-840-3021,PH,86
538,Jaime,Pavlovic,708-524-1772,CN,64
539,Marni,Instock,480-748-0646,US,32
540,Cort,Wordsley,761-443-1364,BO,77
541,Gaylord,Deehan,298-718-5795,ID,96
542,Octavia,Daouze,372-743-8098,CO,87
543,Gianina,Allgood,269-928-0495,SE,3
544,Shirley,Tanswill,337-681-5204,PL,16
545,Juli,Sanday,958-521-7173,NE,86
546,Kile,Horning,808-884-8658,HT,8
547,Loren,Caveill,157-905-7353,ID,63
548,Leeanne,Skone,753-453-2007,PL,21
549,Adele,Sclanders,346-351-2369,NG,16
550,Carole,Paddick,546-855-6410,PH,41
551,Dwayne,Winterbourne,576-352-5585,ID,76
552,Catherin,Karpeev,509-401-5104,ID,86
553,Vlad,Lott,271-684-5110,PH,73
554,Vassily,Coggell,845-512-8104,PT,68
555,Shantee,Ropking,694-245-8601,ES,83
556,Cinnamon,Buyers,837-506-1156,CN,14
557,Duncan,Brendish,865-230-5569,US,1
558,Meryl,Wiz,884-916-1278,RS,67
559,Blondelle,Parysiak,708-683-0816,PL,20
560,Monica,Kingwell,613-389-9696,SE,70
561,Adriana,Lung,405-690-6225,MK,2
562,Katalin,Ellyatt,833-106-4411,ES,44
563,Eddie,Frier,772-688-9392,PS,15
564,Ellen,Scrace,343-448-2729,PK,48
565,Astra,Moraleda,483-623-4197,CZ,22
566,Leyla,Dike,565-319-5036,KE,47
567,Errol,Gianilli,101-589-3699,GR,79
568,Gwendolyn,Zellick,822-242-1192,IT,10
569,Sigfried,Helwig,886-888-7440,RU,41
570,Cairistiona,Andress,878-853-3665,CN,72
571,Cissiee,Corney,641-505-9674,CN,28
572,Stephani,Vreiberg,740-809-6266,FR,14
573,Martynne,Bendley,357-579-2200,TZ,46
574,Vidovik,Gebbe,900-890-8498,CN,63
575,Cart,Seeds,608-787-7312,MN,31
576,Odelle,Kubasek,490-751-9216,GR,1
577,Elberta,Romagosa,595-580-9022,BG,15
578,Helyn,Bandt,214-442-0014,CN,15
579,Jackie,Stanistreet,221-556-0788,TZ,30
580,Alaster,Drepp,795-398-5612,KE,53
581,Barri,Davidovici,590-283-2857,HN,100
582,Adda,Johnsson,282-344-1782,ID,9
583,Mercedes,Garbar,716-895-9528,CN,27
584,Carrol,Gowrie,158-703-0129,CO,35
585,Karon,Cordery,323-379-4335,JO,92
586,Zarah,Godsmark,476-605-3916,IR,83
587,Livvy,Fontelles,645-437-3458,CN,71
588,Arlen,Milne,908-931-9148,CZ,70
589,Ruby,Beasleigh,726-522-1754,RU,75
590,Paola,Hessentaler,396-377-3910,CN,44
591,Madelin,Domini,333-926-0999,ID,53
592,Theodosia,Du Fray,438-764-0598,PL,50
593,Sheba,Tompkiss,369-685-7845,CN,53
594,Celestina,Maass,152-292-7439,ID,9
595,Petronia,Newby,140-361-1212,PL,21
596,Aleksandr,Johannesson,587-140-7354,JP,79
597,Seka,Symones,248-601-3573,PE,84
598,Odette,Shiril,973-128-4089,BR,70
599,Phyllys,Karolowski,242-324-3600,PE,55
600,Amalia,Winchurst,533-998-6256,PT,54
601,Carlene,Michelotti,384-923-5593,BR,49
602,Kaile,Snowdon,716-820-2381,UZ,47
603,Arlee,Jantet,378-276-8817,PH,19
604,Fletcher,Stener,637-588-9538,MX,36
605,Leonelle,Turvie,771-524-7292,PH,98
606,Angie,Rue,949-639-7133,PE,79
607,Cristy,Camin,443-883-2130,ID,18
608,Elita,Degoix,215-975-7583,BW,42
609,Lucio,Dunphy,852-433-4081,SE,21
610,Sergent,Cornford,445-939-4575,PA,24
611,Ezechiel,Packham,149-484-2320,RS,87
612,Allin,McBride,435-168-6590,PT,11
613,Netti,Cavolini,171-756-7607,CN,47
614,Tommy,Moughtin,876-987-2948,PH,21
615,Martha,McClintock,385-432-8748,GR,37
616,Marcelline,Camamill,506-375-2216,RU,94
617,Deva,Hulcoop,364-129-5724,CN,99
618,Dacey,Keggins,330-730-7403,CN,6
619,Ferdinand,Hainey,563-698-7295,DE,75
620,Bethany,Seiter,622-717-6360,NO,31
621,Quill,Benham,880-585-9128,GT,16
622,Wilek,Bligh,543-754-3681,CO,19
623,Alistair,Bowden,379-281-0172,BR,97
624,Tonya,Kierans,777-417-0530,BR,97
625,Winthrop,Klemz,281-538-4416,UA,89
626,Kessiah,Babbidge,798-943-5834,UA,36
627,Annabell,Esselin,901-764-4356,PT,82
628,Raimondo,Digwood,812-747-4801,UA,51
629,Lorant,Yeatman,218-804-6712,CR,57
630,Skippy,Willson,747-722-4227,PL,38
631,Melisa,Kempson,853-205-0820,NL,20
632,Karly,Gircke,318-834-9284,ID,43
633,Susanetta,Poone,113-581-2099,CN,55
634,Ivy,Syncke,750-124-8570,PH,100
635,Cordey,Sancho,731-195-8052,ID,56
636,Rochell,Hearfield,520-399-4247,KP,68
637,Sax,Meaders,506-202-7457,CN,69
638,Carmel,Moriarty,155-886-0096,UZ,38
639,Tann,Christescu,628-876-6645,PL,25
640,Ilyssa,Macguire,678-475-4233,RU,86
641,Elston,Cornfoot,214-995-2824,BR,25
642,Serge,Filipson,999-910-4318,MN,31
643,Wesley,Ruffles,224-941-6978,GT,28
644,Pattie,Blodget,411-175-4341,ID,20
645,Kellina,Bearns,668-550-6627,PT,45
646,Bambie,Martell,999-396-8296,CN,95
647,Phip,Kear,894-492-8750,FR,39
648,Lonee,Arons,885-995-4767,SE,47
649,Rolf,Ducroe,453-545-8184,CN,15
650,Edith,Sabathier,145-276-9229,DE,37
651,Fifi,Winning,754-756-7936,RU,38
652,Faustine,Duddin,294-785-2620,PH,91
653,Rolfe,Hatto,316-230-7750,CN,57
654,Gerald,Delong,411-375-8791,VI,34
655,Vasily,Olechnowicz,131-985-4369,UA,7
656,Allsun,Sabbin,414-395-0051,CN,77
657,Beryle,Warlaw,261-939-2444,BG,56
658,Clarette,Ennever,176-863-3523,ID,88
659,Cirstoforo,Digance,983-987-8877,ZA,90
660,Isacco,Trembley,622-463-3405,KZ,21
661,Ellery,Itscowics,672-654-6268,PT,69
662,Gus,Acres,539-420-3281,JP,64
663,Mischa,Rigolle,866-358-5079,CN,50
664,Rosanne,Backler,408-940-9092,ID,13
665,Aeriel,Breslane,367-647-0620,CN,40
666,Ignacius,Sircomb,224-932-7962,CN,6
667,Hughie,Binton,266-593-0279,RU,68
668,Stevie,Crose,490-660-7876,CN,22
669,Harriot,Hands,375-252-7813,DO,38
670,Ardis,Cabell,106-602-3572,JP,7
671,Amaleta,Du Barry,551-309-0432,GR,94
672,Bo,Rockhall,773-287-5207,US,71
673,Meghann,Mackinder,726-595-0962,GR,1
674,Hale,Seamon,700-164-3582,RU,45
675,Matilda,Tribbeck,327-597-0522,PH,9
676,Marv,Osgordby,341-179-2196,CL,53
677,Edsel,Harbron,954-673-5135,US,26
678,Yank,Sparrow,126-649-8195,ID,97
679,Carmelia,Melbourne,983-429-7699,CN,86
680,Audrye,Willgrass,739-326-2212,ID,87
681,Pauly,Winterborne,866-979-5377,AR,62
682,Ketty,Bullivent,493-795-4595,CN,59
683,Joyce,Hearfield,535-520-2725,GT,33
684,Anica,Louth,393-871-4580,CN,68
685,Tatiana,Charrette,470-444-7410,UA,86
686,Audi,Di Bartolommeo,359-900-1093,NG,52
687,Nola,Mitchell,748-763-0189,CN,85
688,Keely,Mephan,879-816-2215,RU,22
689,Rufe,Conyer,156-605-5010,CN,53
690,Laughton,Pasque,261-418-2605,UA,73
691,Rudolf,McCreagh,119-443-2655,PH,54
692,Quintin,Houston,695-546-2568,CN,61
693,Morty,Brickwood,835-441-5828,MX,68
694,Linnea,Syres,432-110-5105,PH,96
695,Irena,Ottery,329-730-7941,PT,24
696,Aldo,Edelston,229-582-8609,US,84
697,Cyrill,Shilladay,639-333-7191,TH,69
698,Krissie,Gyurko,311-223-8790,UA,29
699,Rabi,Laurentin,270-959-1031,CN,12
700,Emelda,Thorne,948-267-3484,CN,42
701,Ransom,Shemmans,285-793-1383,CW,8
702,Valene,Boichat,141-709-7542,PT,84
703,Faber,Lawleff,677-133-8516,JP,76
704,Meriel,Martinson,430-152-6919,RU,37
705,Lurlene,Strivens,269-486-5699,AR,55
706,Daren,Longmaid,976-125-4536,CN,18
707,Celestina,Nielson,734-634-4760,VN,64
708,Odilia,Ogley,374-688-3898,RU,99
709,Garvin,Gatherell,469-772-8607,SE,10
710,Milly,Sibbald,337-360-2014,BG,76
711,Zebulon,Pottie,245-254-0051,BY,57
712,Ichabod,Backler,659-201-7950,JP,86
713,Reina,Drivers,373-713-9940,PH,65
714,Fletch,Clemon,451-149-1156,ID,70
715,Marissa,Ramstead,668-298-1442,CN,42
716,Guilbert,Geerits,526-996-9870,RU,30
717,Shirl,Yoselevitch,649-679-6054,CN,48
718,Bartholemy,De Witt,413-446-1203,PH,22
719,Sybille,Brion,562-315-5719,US,36
720,Dana,Needham,884-818-2573,CN,70
721,Faustine,Chalker,504-584-7176,NG,5
722,Sheela,Royson,598-178-0636,PT,77
723,Graehme,Esmond,575-257-1431,NZ,59
724,Creighton,Lisciandri,459-594-8947,UA,91
725,Faun,Browne,215-318-2983,PH,2
726,Meryl,Keeley,211-139-4177,SE,9
727,Brnaba,Yate,470-997-6468,ZA,58
728,Darcey,Butten,434-544-9078,CN,66
729,Nananne,Rattrie,100-750-5114,CN,46
730,Debee,Sollett,966-891-2032,MK,13
731,Olav,Duesbury,979-688-2572,ID,17
732,Cass,Solan,229-171-0077,FR,75
733,Minne,Frowde,167-364-6447,RU,73
734,Ruby,Marshman,408-583-9308,CA,37
735,Lainey,Lemerle,744-426-0447,ZA,99
736,Christin,Najara,413-998-5864,CN,7
737,Hort,Snashall,692-593-3329,CN,58
738,Brendon,Goodison,484-576-0495,CO,10
739,Lissi,Cabane,468-373-6494,BO,52
740,Merwin,Heathfield,489-411-4281,MX,79
741,Godfry,Coleshill,610-769-9775,GR,78
742,Janey,Philpots,264-777-8957,RU,51
743,Benito,Skeat,354-497-7659,BR,69
744,Mick,Scotson,783-792-8959,CO,50
745,Neall,Bolino,318-187-8909,US,46
746,Kristoffer,Mager,391-972-8736,ES,69
747,Leicester,Vossgen,489-529-7505,ID,51
748,Arley,Kidds,792-446-1752,PL,12
749,Findlay,Copner,917-723-2285,PH,72
750,Asia,Oddy,332-760-8281,CN,98
751,Brennan,Kelk,205-336-3469,PL,75
752,Ilyssa,Barwise,936-208-5501,UA,53
753,Flore,Carvell,821-952-2302,ID,81
754,Devinne,Mainwaring,811-813-8324,CN,22
755,Pierette,Willets,476-843-5537,CN,89
756,Nevin,Bullocke,450-312-4844,PH,44
757,Peta,Loding,527-855-4104,PH,25
758,Malachi,Waldie,844-283-2430,EC,61
759,Kai,Broxholme,518-837-1417,TZ,91
760,Isak,Bartles,626-202-9719,AZ,9
761,Wayne,Percival,543-195-1881,PH,24
762,Mitchel,Blofeld,141-388-2848,SY,41
763,Gibby,Lyne,835-878-2807,PH,1
764,Jacquette,Peeke,371-588-3152,PH,21
765,Mordecai,Perelli,696-794-6156,SD,13
766,Regen,Dumbellow,553-289-7613,SI,66
767,Edgardo,Ellerman,387-357-1034,BR,84
768,Britteny,Keizman,876-432-7889,SD,28
769,Christine,Dumberrill,955-666-7677,CN,78
770,Suzette,Dineen,463-218-7967,ID,34
771,Corri,Scotson,961-210-9311,CN,65
772,Douglass,Skellon,887-551-1078,UA,16
773,Correy,Bonde,209-875-6874,CN,23
774,Raffarty,Santacrole,341-640-8926,PT,79
775,Nerta,Hurles,717-183-8857,BG,30
776,Philbert,Bolderson,921-188-7382,TJ,43
777,Eadmund,Kinchlea,878-985-0376,CN,19
778,Maurita,Waddilow,577-565-6485,CN,70
779,Felipe,Coventry,617-741-6770,PL,7
780,Scot,Mahaffey,148-353-6321,WS,91
781,Marshall,Mathews,705-234-6581,CN,79
782,Patsy,Duesbury,941-858-4558,CN,28
783,Drake,MacKey,818-486-6082,VE,54
784,Deb,Hanfrey,946-847-2880,MY,6
785,Kara-lynn,Alexandersson,794-367-1707,TJ,87
786,Magdalen,MacAvddy,625-648-6061,PT,71
787,Flin,Julyan,418-460-4368,FR,10
788,Caddric,Ravenscraft,635-721-9244,CN,76
789,Almeta,Primrose,607-314-1086,FR,72
790,Glendon,Pickerill,828-308-3705,ID,81
791,Merrielle,Gaish,954-527-4996,ID,76
792,Artair,Titterrell,513-707-4693,NG,37
793,Arri,Wilcocks,647-143-8771,RU,25
794,Merle,Bielefeld,520-359-0143,PH,29
795,Ashien,Hoff,462-674-3167,AR,63
796,Curr,Aslet,842-988-1209,GT,97
797,Barnabas,Sabater,833-740-5722,ID,63
798,Maure,Genney,805-955-5626,FI,27
799,Tanner,Greneham,740-531-7440,CZ,28
800,Claudette,Chsteney,432-835-0739,NO,29
801,Armand,Brunesco,325-638-0965,UA,64
802,Aggi,Caurah,342-374-3666,ID,23
803,Dorette,Callinan,935-789-6442,CN,31
804,Pauli,Wanden,365-645-2053,PH,32
805,Finley,Welton,419-407-7630,TV,74
806,Nesta,Solman,631-800-5061,RU,45
807,Larina,Lott,938-431-5023,PT,27
808,Rochell,Bumphries,320-440-8256,CA,32
809,Jarid,Murrish,329-671-9028,CN,24
810,Klara,Kinson,754-620-2532,HN,79
811,Jay,Wrought,597-755-8148,BR,73
812,Clyve,Bascombe,957-499-8326,AR,93
813,Aldous,Mordon,779-610-6061,PH,77
814,Morrie,Massimo,899-664-0971,PL,30
815,Korie,Mayho,180-588-0238,CZ,44
816,Marcille,Slogrove,510-403-2776,PE,86
817,Billye,Dannett,396-744-5141,BR,81
818,Koralle,Kippins,913-126-6382,US,100
819,Lenka,Feldharker,673-196-5456,CA,37
820,Georas,Standish-Brooks,750-586-0726,PH,59
821,Tamqrah,Olivie,350-468-5787,RU,76
822,Valentine,Mc Carrick,860-517-0559,SE,45
823,Gates,Harryman,705-395-4565,CN,60
824,Freida,Jarmyn,352-359-6792,FR,65
825,Dwayne,Kabsch,495-103-1293,AR,57
826,Cordula,Deinert,826-620-9444,ID,61
827,Kamila,Whorall,455-198-6994,HR,39
828,Consuelo,Borrows,457-955-6284,CN,96
829,Zacherie,Potkins,347-565-0118,CN,61
830,Brana,Hinken,202-856-3927,RS,65
831,Gerard,Pessler,375-631-5140,PH,84
832,Niki,Schuler,728-853-1973,SE,81
833,Gabi,De la Yglesia,515-544-6052,CN,5
834,Maren,Barizeret,760-965-4158,RU,9
835,Regan,Goulter,559-721-2326,ZA,63
836,Adrienne,Thames,949-996-6179,PL,15
837,Wyn,Benford,319-745-2559,US,22
838,Cully,Spreckley,178-395-2262,SE,43
839,Melinde,MacKeever,566-586-4858,KZ,31
840,Tanny,Cantero,976-929-5387,HN,85
841,Hagen,Yeudall,642-701-3878,PH,28
842,Veronique,Labrom,597-912-9871,CZ,26
843,Con,MacIntosh,746-917-5424,RU,26
844,Garry,Cartwright,539-557-8402,MK,54
845,Alethea,Ricket,735-697-5281,RU,1
846,Obed,Antoshin,650-682-5076,PT,10
847,Ermentrude,Slayny,308-363-8315,UA,33
848,Clair,Peasegood,781-948-6347,ID,14
849,Barnaby,Perrin,241-586-5029,CY,78
850,Cara,Elmore,202-504-8232,CN,30
851,Darren,Maidstone,668-673-5265,CN,71
852,Cathee,Yarrow,544-393-5320,UZ,75
853,Pietra,MacKettrick,686-151-2692,KM,33
854,Elwin,Darwood,155-656-0880,ET,37
855,Alessandro,Ridout,610-101-7771,IR,61
856,Yulma,Dugue,623-837-7825,YE,47
857,Nye,Buxsey,131-142-8883,SE,26
858,Glennie,Palin,279-351-5037,PE,78
859,Ysabel,Aynsley,553-756-3890,ZA,86
860,Sandor,McCard,619-270-4264,US,76
861,Jacqueline,Le Sieur,820-623-6758,GU,21
862,Dorita,Muat,763-395-6707,NO,17
863,Abbye,Crunkhorn,267-951-1855,AR,98
864,Phillida,Gwillym,494-303-7901,AR,95
865,Alecia,Whilde,845-682-7714,CO,45
866,Glendon,Mercik,255-772-2173,ID,28
867,Mirabella,Constanza,790-595-8134,MK,31
868,Eada,Antonomoli,270-992-6311,CN,16
869,Robbi,Bodle,719-185-8667,PT,69
870,Sibelle,Puleque,554-450-1153,IR,53
871,Pearce,Barnewall,183-691-6566,RU,96
872,Gretchen,Ivkovic,608-601-4305,PH,92
873,Brod,Bosch,448-561-4088,PH,62
874,Koenraad,Jevons,443-520-4922,BA,20
875,Tann,Twitchings,442-831-3170,BG,28
876,Thacher,Bedford,203-288-1648,US,94
877,Haleigh,Chsteney,700-504-2241,CZ,37
878,Clemente,Risebarer,419-533-0025,IE,33
879,Rori,Carlton,687-605-8155,PH,50
880,Leela,Bothwell,811-719-1125,ID,19
881,Karrie,Brockherst,667-498-3933,CN,5
882,Beth,Bowmen,507-330-6591,CN,59
883,Riley,Parkyn,784-926-4094,CN,34
884,Whit,Kasbye,143-519-4513,BR,63
885,Margo,Thorneywork,119-287-2343,PL,92
886,Sullivan,Sivewright,663-130-8870,PL,77
887,Martin,Cluet,857-377-1740,LK,7
888,Eleni,Laurenzi,328-385-3582,CN,44
889,Odie,Streatley,998-482-4398,BR,37
890,Shaylyn,Minot,535-935-7746,BY,82
891,Ellyn,Cleminshaw,713-918-4628,CN,63
892,Martita,Whinray,323-874-3918,PT,5
893,Crissy,Bloxholm,225-201-2989,FR,4
894,Abbye,De Ambrosis,965-294-2312,TD,58
895,Lauraine,Attenbrough,698-942-6524,PT,94
896,Philomena,Kelle,531-544-0496,GR,83
897,Batsheva,Deniset,116-113-4581,PH,68
898,Abby,McIlwraith,142-617-4782,LV,13
899,Brew,Janas,432-549-9595,CN,78
900,Myrah,Conroy,132-930-3272,GR,18
901,Barret,Beacroft,821-475-4131,AL,97
902,Nealson,Sarra,241-431-9264,PA,15
903,Zacharias,Ferronet,580-904-8480,ID,47
904,Michelle,Lehrahan,480-839-4616,JP,78
905,Judah,Benet,856-809-4113,MX,35
906,Aldridge,Baack,101-858-4932,CN,81
907,Dino,O'Noulane,577-446-9027,YT,32
908,Nicolle,Seward,154-849-5110,UA,56
909,Leigh,Thamelt,221-241-8898,IR,20
910,Georas,Romaynes,932-506-4511,PT,4
911,Lynnelle,Blazey,996-825-6484,GR,71
912,Abbot,Rofe,964-669-2593,EG,19
913,Bennie,Lafuente,220-472-7285,KZ,57
914,Morten,Merida,244-973-3720,ID,83
915,Cherry,Walls,873-713-0355,AR,100
916,Dillie,Livard,238-275-2220,EC,69
917,Tyson,Vollam,838-324-9313,IR,83
918,Ilka,Crowhurst,964-400-4263,RU,50
919,Arlinda,Twigger,405-190-8958,MX,80
920,Felike,Lusher,761-286-3349,FR,24
921,Glyn,Shea,523-422-9201,CN,22
922,Tabby,Clayill,828-507-6931,CA,22
923,Vick,Dwyr,570-980-0869,CZ,100
924,Fran,MacGray,851-374-8701,CZ,46
925,Nealy,Sallier,983-264-3263,CN,57
926,Giusto,Fleisch,964-146-3019,AF,40
927,Fan,Kleinstub,521-822-3661,CN,76
928,Shelley,Kording,625-377-8928,PH,96
929,Inger,Melvin,310-873-0513,GB,80
930,Marlon,Wilcot,958-191-4686,ET,40
931,Barrie,Krzyzanowski,388-563-9201,MD,79
932,Mariellen,Purviss,686-431-5379,UA,14
933,Ange,MacDonell,645-734-7858,UA,17
934,Kerri,Brewett,330-513-4443,CZ,87
935,Dylan,Corp,972-919-1536,UA,46
936,Norman,Crosham,288-343-6316,MY,26
937,Hagan,Blaskett,846-755-0128,RS,18
938,Inger,Paddison,591-914-5040,MY,53
939,Minnie,Bosson,926-619-5233,SE,15
940,Carmon,Helling,793-957-2539,MX,72
941,Anita,McMurty,636-861-6784,TD,61
942,Effie,Osgorby,556-679-5890,ID,39
943,Paton,Casaletto,110-444-0370,BR,59
944,Bronson,Grimm,987-920-7196,PH,52
945,Mitchell,Hebard,733-428-4905,CN,67
946,Bobine,Greenhouse,183-916-3818,BR,41
947,Shina,McNeachtain,592-110-7167,RU,86
948,Moria,Bril,333-375-3823,ID,89
949,Jecho,Forster,845-302-5247,CN,83
950,Parsifal,Ettery,596-238-7256,PS,91
951,Alasdair,Holdworth,605-954-4657,BR,60
952,Brittney,Freke,489-711-5543,AR,87
953,Lavinia,Hendron,201-370-7991,CN,81
954,Lacey,Burdfield,421-581-9887,CO,38
955,Quinn,Kewzick,182-181-1231,CN,41
956,Meridith,Blackley,842-483-7302,FI,97
957,Chandal,Agg,695-513-6646,PH,42
958,Dudley,Turbayne,922-154-7789,IS,29
959,Alan,Sanger,236-507-9692,FR,12
960,Leigh,Bowller,510-353-7950,CN,1
961,Aili,MacBey,483-490-0864,CN,53
962,Claudius,Berrey,174-352-7572,PE,82
963,Wadsworth,Blockwell,416-170-7030,SE,74
964,Giuditta,Springham,279-915-5955,CN,36
965,Babb,Labarre,113-487-5358,ID,22
966,Danya,Sevin,789-438-5418,CN,78
967,Wilburt,Lapre,255-878-0209,ID,8
968,Massimo,Fernandez,877-285-3144,KZ,64
969,Jasmin,de la Valette Parisot,435-289-5020,DO,8
970,Alphonso,Jeratt,421-339-6963,ID,6
971,Derry,Karel,836-186-6822,CN,10
972,Valentine,Hansley,984-784-4124,CN,70
973,Brynn,Cornelleau,440-331-6682,RU,11
974,Myranda,Corneck,248-579-4343,ID,43
975,Tomlin,Last,480-445-9001,VN,50
976,Barnard,Saller,242-423-6180,CN,43
977,Tedi,Labin,102-633-7267,MX,87
978,Hedwig,Heifer,663-561-7991,PH,56
979,Robinette,Cordobes,370-651-2155,DO,53
980,Jeralee,Jahan,153-801-7650,NG,87
981,Powell,Scowcraft,965-132-0916,CI,91
982,Pearline,Alyutin,224-489-7810,MK,79
983,Ricard,Runge,381-641-2405,RU,40
984,Nadya,Skamell,209-394-1844,ID,2
985,Teodor,Davers,986-463-5053,ID,90
986,Anny,Rogerson,884-199-7991,BR,64
987,Wallis,Ancell,851-448-3632,ID,66
988,Orel,Linden,756-571-4843,HN,8
989,Kristel,MacNeill,556-611-1388,ID,44
990,Jana,Hands,223-375-0268,CN,21
991,Saba,Graalmans,818-188-9728,CN,97
992,Sylvester,Hunday,344-407-2070,RU,63
993,Gabriele,Brodley,672-155-8459,CN,86
994,Carley,Emanuele,332-516-7468,CN,74
995,Jodi,Geekie,160-985-1706,PT,99
996,Jewel,Ezzy,893-580-8793,RU,5
997,Manfred,Halpine,119-412-6404,AL,14
998,Marchall,Hickford,127-344-3473,TW,5
999,Eric,Seilmann,314-152-3617,SE,21
1000,Cecilia,Gallihawk,853-595-3566,FR,29
